<Extensions><Version>1.11</Version><Panel>
    <PanelId>system_admin</PanelId>
    <Origin>local</Origin>
    <Order>3</Order>
    <Location>Hidden</Location>
    <Icon>Lightbulb</Icon>
    <Name>Administrateur</Name>
    <ActivityType>Custom</ActivityType>
    <Page>
      <Name>Statut</Name>
      <Row>
        <Name>call</Name>
        <Widget>
          <WidgetId>systemadmin|SS$call</WidgetId>
          <Name>?</Name>
          <Type>Text</Type>
          <Options>size=4;fontSize=normal;align=right</Options>
        </Widget>
      </Row>
      <Row>
        <Name>byod</Name>
        <Widget>
          <WidgetId>systemadmin|SS$byod</WidgetId>
          <Name>?</Name>
          <Type>Text</Type>
          <Options>size=4;fontSize=normal;align=right</Options>
        </Widget>
      </Row>
      <Row>
        <Name>AutoLights</Name>
        <Widget>
          <WidgetId>systemadmin|SS$AutoLights</WidgetId>
          <Name>?</Name>
          <Type>Text</Type>
          <Options>size=4;fontSize=normal;align=right</Options>
        </Widget>
      </Row>
      <Row>
        <Name>comotype1Mode</Name>
        <Widget>
          <WidgetId>systemadmin|SS$comotype1Mode</WidgetId>
          <Name>?</Name>
          <Type>Text</Type>
          <Options>size=4;fontSize=normal;align=right</Options>
        </Widget>
      </Row>
      <Row>
        <Name>PresenterLocation</Name>
        <Widget>
          <WidgetId>systemadmin|SS$PresenterLocation</WidgetId>
          <Name>?</Name>
          <Type>Text</Type>
          <Options>size=4;fontSize=normal;align=right</Options>
        </Widget>
      </Row>
      <Row>
        <Name>PresenterTrackWarnings</Name>
        <Widget>
          <WidgetId>systemadmin|SS$PresenterTrackWarnings</WidgetId>
          <Name>?</Name>
          <Type>Text</Type>
          <Options>size=4;fontSize=normal;align=right</Options>
        </Widget>
      </Row>
      <Row>
        <Name>UsePresenterTrack</Name>
        <Widget>
          <WidgetId>systemadmin|SS$UsePresenterTrack</WidgetId>
          <Name>?</Name>
          <Type>Text</Type>
          <Options>size=4;fontSize=normal;align=right</Options>
        </Widget>
      </Row>
      <Row>
        <Name>AutoDisplays</Name>
        <Widget>
          <WidgetId>systemadmin|SS$AutoDisplays</WidgetId>
          <Name>?</Name>
          <Type>Text</Type>
          <Options>size=4;fontSize=normal;align=right</Options>
        </Widget>
      </Row>
      <Row>
        <Name>AutoScreens</Name>
        <Widget>
          <WidgetId>systemadmin|SS$AutoScreens</WidgetId>
          <Name>?</Name>
          <Type>Text</Type>
          <Options>size=4;fontSize=normal;align=right</Options>
        </Widget>
      </Row>
      <Row>
        <Name>AutoCamPresets</Name>
        <Widget>
          <WidgetId>systemadmin|SS$AutoCamPresets</WidgetId>
          <Name>?</Name>
          <Type>Text</Type>
          <Options>size=4;fontSize=normal;align=right</Options>
        </Widget>
      </Row>
      <Row>
        <Name>AutoCamSelection</Name>
        <Widget>
          <WidgetId>systemadmin|SS$AutoCamSelection</WidgetId>
          <Name>?</Name>
          <Type>Text</Type>
          <Options>size=4;fontSize=normal;align=right</Options>
        </Widget>
      </Row>
      <Row>
        <Name>AudienceMics</Name>
        <Widget>
          <WidgetId>systemadmin|SS$AudienceMics</WidgetId>
          <Name>?</Name>
          <Type>Text</Type>
          <Options>size=4;fontSize=normal;align=right</Options>
        </Widget>
      </Row>
      <Row>
        <Name>PresenterMics</Name>
        <Widget>
          <WidgetId>systemadmin|SS$PresenterMics</WidgetId>
          <Name>?</Name>
          <Type>Text</Type>
          <Options>size=4;fontSize=normal;align=right</Options>
        </Widget>
      </Row>
      <Row>
        <Name>PresenterDetected</Name>
        <Widget>
          <WidgetId>systemadmin|SS$PresenterDetected</WidgetId>
          <Name>?</Name>
          <Type>Text</Type>
          <Options>size=4;fontSize=normal;align=right</Options>
        </Widget>
      </Row>
      <Row>
        <Name>ClearPresentationZone</Name>
        <Widget>
          <WidgetId>systemadmin|SS$ClearPresentationZone</WidgetId>
          <Name>?</Name>
          <Type>Text</Type>
          <Options>size=4;fontSize=normal;align=right</Options>
        </Widget>
      </Row>
      <Row>
        <Name>Uptime</Name>
        <Widget>
          <WidgetId>systemadmin|SS$Uptime</WidgetId>
          <Name>?</Name>
          <Type>Text</Type>
          <Options>size=4;fontSize=normal;align=right</Options>
        </Widget>
      </Row>
      <Row>
        <Name>Temperature</Name>
        <Widget>
          <WidgetId>systemadmin|SS$Temperature</WidgetId>
          <Name>?</Name>
          <Type>Text</Type>
          <Options>size=4;fontSize=normal;align=right</Options>
        </Widget>
      </Row>
      <Row>
        <Name>CurrentScenario</Name>
        <Widget>
          <WidgetId>systemadmin|SS$currentScenario</WidgetId>
          <Name>?</Name>
          <Type>Text</Type>
          <Options>size=4;fontSize=normal;align=right</Options>
        </Widget>
      </Row>
      <Options/>
    </Page>
    <Page>
      <Name>Actions</Name>
      <Row>
        <Name>Param&#232;tres syst&#232;mes</Name>
        <Widget>
          <WidgetId>ACTION$SETTINGSUNLOCK</WidgetId>
          <Name>D&#233;barrer</Name>
          <Type>Button</Type>
          <Options>size=2</Options>
        </Widget>
        <Widget>
          <WidgetId>ACTION$SETTINGSLOCK</WidgetId>
          <Name>Barrer</Name>
          <Type>Button</Type>
          <Options>size=2</Options>
        </Widget>
      </Row>
      <Row>
        <Name>D&#233;pannage</Name>
        <Widget>
          <WidgetId>ACTION$VIEWSYSTEMDIAGNOSTICS</WidgetId>
          <Name>Voir les messages du syst&#232;me</Name>
          <Type>Button</Type>
          <Options>size=4</Options>
        </Widget>
      </Row>
      <Row>
        <Name>Rapport syst&#232;me</Name>
        <Widget>
          <WidgetId>ACTION$SENDSYSTEMREPORT</WidgetId>
          <Name>Envoyer le rapport du syst&#232;me</Name>
          <Type>Button</Type>
          <Options>size=4</Options>
        </Widget>
      </Row>
      <Row>
        <Name>Changer de sc&#233;nario</Name>
        <Widget>
          <WidgetId>ACTION$ENABLESCENARIO:como_type</WidgetId>
          <Name>comoType1</Name>
          <Type>Button</Type>
          <Options>size=2</Options>
        </Widget>
        <Widget>
          <WidgetId>ACTION$ENABLESCENARIO:standby</WidgetId>
          <Name>standby</Name>
          <Type>Button</Type>
          <Options>size=2</Options>
        </Widget>
        <Widget>
          <WidgetId>ACTION$ENABLESCENARIO:firealarm</WidgetId>
          <Name>firealarm</Name>
          <Type>Button</Type>
          <Options>size=2</Options>
        </Widget>
        <Widget>
          <WidgetId>ACTION$ENABLESCENARIOASK</WidgetId>
          <Name>Autre</Name>
          <Type>Button</Type>
          <Options>size=2</Options>
        </Widget>
      </Row>
      <Row>
        <Name>Display System Status Overlay</Name>
        <Widget>
          <WidgetId>SS$DisplaySystemStatus</WidgetId>
          <Type>ToggleButton</Type>
          <Options>size=1</Options>
        </Widget>
      </Row>
      <Row>
        <Name>System Update</Name>
        <Widget>
          <WidgetId>system_update</WidgetId>
          <Name>Check for updates</Name>
          <Type>Button</Type>
          <Options>size=2</Options>
        </Widget>
      </Row>
      <Options/>
    </Page>
    <Visibility>Hidden</Visibility>
  </Panel>
</Extensions>